id,first_name,last_name,email,gender,ip_address
1,Ezekiel,Lerhinan,elerhinan0@w3.org,Genderfluid,220.201.37.227
2,Grenville,Massenhove,gmassenhove1@cargocollective.com,Male,176.7.122.165
3,Osbourn,Cornforth,ocornforth2@newsvine.com,Male,205.126.101.149
4,Gasper,Redsall,gredsall3@exblog.jp,Male,245.157.168.110
5,Galen,Tester,gtester4@google.ru,Male,236.126.37.53
6,Tommie,Harverson,tharverson5@163.com,Female,168.25.243.79
7,Benjy,Pover,bpover6@goo.gl,Male,151.2.61.189
8,Rozina,Olwen,rolwen7@wp.com,Female,71.224.223.81
9,Aili,Lynthal,alynthal8@rakuten.co.jp,Female,180.95.240.223
10,Harry,Coghlin,hcoghlin9@smh.com.au,Male,46.211.102.181
11,Dorie,Prozillo,dprozilloa@blog.com,Female,11.58.127.63
12,Christian,Chape,cchapeb@plala.or.jp,Male,226.114.93.101
13,Gannon,Blowick,gblowickc@tmall.com,Male,234.246.121.78
14,Robyn,Malloy,rmalloyd@weather.com,Female,167.241.246.115
15,Gaspar,Brimacombe,gbrimacombee@ycombinator.com,Male,251.19.148.195
16,Lavena,Jaycock,ljaycockf@bloglines.com,Polygender,80.212.202.139
17,Hertha,Gibbens,hgibbensg@harvard.edu,Female,39.232.129.52
18,Kordula,Bourdas,kbourdash@dedecms.com,Female,233.108.85.215
19,Keefer,Sheer,ksheeri@biblegateway.com,Male,255.95.219.203
20,Chalmers,Henstridge,chenstridgej@gizmodo.com,Male,105.105.126.214
21,Daven,Sidden,dsiddenk@nasa.gov,Male,226.153.88.10
22,Teddi,Cockland,tcocklandl@geocities.jp,Female,112.237.123.2
23,Lorens,Rebichon,lrebichonm@histats.com,Male,177.223.143.250
24,Arnoldo,Perfect,aperfectn@ibm.com,Male,110.213.85.64
25,Orland,Tansley,otansleyo@wisc.edu,Male,12.8.21.232
26,Dix,Chaundy,dchaundyp@jigsy.com,Female,85.64.73.177
27,Angie,Duffill,aduffillq@gov.uk,Male,70.71.218.221
28,Carrie,Legier,clegierr@de.vu,Female,180.88.191.34
29,Kenton,Stuke,kstukes@so-net.ne.jp,Male,154.157.207.255
30,Joan,Stallan,jstallant@tuttocitta.it,Female,212.108.163.134
31,Kerry,Towndrow,ktowndrowu@plala.or.jp,Male,202.118.43.153
32,Winn,Kulic,wkulicv@shinystat.com,Male,13.206.110.139
33,Farleigh,Ferrarin,fferrarinw@imdb.com,Male,151.33.202.205
34,Antone,Marc,amarcx@un.org,Male,58.71.103.172
35,Grenville,Berlin,gberliny@acquirethisname.com,Male,78.6.168.50
36,Carolyne,Antonomoli,cantonomoliz@nbcnews.com,Female,147.90.154.191
37,Addison,Du Pre,adupre10@infoseek.co.jp,Male,190.6.196.73
38,Pennie,Kentwell,pkentwell11@adobe.com,Female,122.188.117.33
39,Shaine,Geaves,sgeaves12@vinaora.com,Male,53.243.35.58
40,Maegan,Croasdale,mcroasdale13@yelp.com,Female,101.10.111.219
41,Reuven,Belliss,rbelliss14@gizmodo.com,Male,84.44.112.55
42,Adriana,Wellbeloved,awellbeloved15@ucla.edu,Female,188.113.157.78
43,Gaynor,Seger,gseger16@wp.com,Female,107.152.120.56
44,Fidole,Stag,fstag17@gnu.org,Male,120.117.171.29
45,Trina,Lulham,tlulham18@1und1.de,Female,182.228.52.14
46,Shoshana,Patroni,spatroni19@springer.com,Female,27.28.229.250
47,Shannen,Readitt,sreaditt1a@who.int,Female,32.57.78.163
48,Padget,Luberti,pluberti1b@about.com,Male,115.238.125.54
49,Maggee,Nutkin,mnutkin1c@loc.gov,Female,252.119.248.104
50,Ambrosius,Daton,adaton1d@vkontakte.ru,Male,50.142.56.121
51,Port,Taber,ptaber1e@networksolutions.com,Male,204.158.170.28
52,Desirae,Tyne,dtyne1f@businessweek.com,Female,193.246.182.55
53,Britt,Blowfelde,bblowfelde1g@wp.com,Male,234.190.54.71
54,Frayda,Leroy,fleroy1h@tumblr.com,Female,226.73.116.8
55,Carolan,Brundale,cbrundale1i@google.com.au,Polygender,54.194.107.238
56,Orelee,Drillot,odrillot1j@mail.ru,Female,215.216.239.86
57,Rooney,Abbets,rabbets1k@dell.com,Male,83.30.12.46
58,Emmey,Gullefant,egullefant1l@drupal.org,Female,176.144.33.220
59,Yoshi,Hambleton,yhambleton1m@ucoz.com,Female,123.71.120.200
60,Kizzie,Nolder,knolder1n@studiopress.com,Female,238.55.17.200
61,Avictor,Plomer,aplomer1o@pbs.org,Male,225.212.194.157
62,Ferguson,Pipkin,fpipkin1p@123-reg.co.uk,Male,192.101.203.79
63,Willie,Cartman,wcartman1q@vk.com,Male,245.130.52.254
64,Vern,Lansly,vlansly1r@booking.com,Male,23.56.71.251
65,Arman,Cowey,acowey1s@businessweek.com,Male,155.245.26.69
66,Fanchette,Greatrakes,fgreatrakes1t@netvibes.com,Female,3.199.214.0
67,Kerstin,Roubottom,kroubottom1u@loc.gov,Female,174.126.214.100
68,Lidia,Scripture,lscripture1v@friendfeed.com,Female,243.35.207.94
69,Alanson,Fallow,afallow1w@1und1.de,Male,137.77.148.62
70,Orion,Dyne,odyne1x@biglobe.ne.jp,Male,188.64.91.231
71,Bentley,Bothram,bbothram1y@digg.com,Male,186.220.3.25
72,Carmina,Fissenden,cfissenden1z@instagram.com,Female,142.110.23.157
73,Becki,Guidetti,bguidetti20@nyu.edu,Female,184.19.162.120
74,Enos,Peppett,epeppett21@odnoklassniki.ru,Male,2.86.92.144
75,Maible,Kneeland,mkneeland22@rambler.ru,Female,180.128.29.195
76,Price,Khoter,pkhoter23@tiny.cc,Male,187.70.186.119
77,Rafa,Keenlyside,rkeenlyside24@artisteer.com,Female,208.254.128.47
78,Sarge,Lawlor,slawlor25@imageshack.us,Male,31.199.216.174
79,Hebert,Pirson,hpirson26@liveinternet.ru,Male,158.144.195.157
80,Monroe,Egle of Germany,megleofgermany27@symantec.com,Male,108.160.180.252
81,Sheela,Chaffyn,schaffyn28@apache.org,Female,242.104.65.136
82,Bettina,Whittier,bwhittier29@opensource.org,Female,157.148.58.174
83,Ninnette,Fairpo,nfairpo2a@desdev.cn,Female,243.231.147.223
84,Niles,Bounds,nbounds2b@gravatar.com,Polygender,43.86.183.62
85,Glennie,Arnopp,garnopp2c@independent.co.uk,Female,35.45.240.182
86,Wilhelmina,Barti,wbarti2d@discuz.net,Female,167.59.1.225
87,Netty,Shilliday,nshilliday2e@businesswire.com,Female,156.169.149.95
88,Myrle,Rendell,mrendell2f@clickbank.net,Female,47.22.87.253
89,Margot,Taunton.,mtaunton2g@amazon.co.jp,Female,224.180.231.102
90,Giuseppe,Mangeon,gmangeon2h@walmart.com,Male,108.135.52.137
91,Mandy,Buick,mbuick2i@narod.ru,Agender,238.218.116.166
92,Celestine,Seally,cseally2j@sina.com.cn,Female,126.146.205.14
93,Tiphanie,Colleford,tcolleford2k@mediafire.com,Female,40.210.126.216
94,Alika,Beartup,abeartup2l@nps.gov,Female,223.148.255.92
95,Hanny,Kempston,hkempston2m@businesswire.com,Female,56.30.78.10
96,Harlen,McDonand,hmcdonand2n@washington.edu,Male,34.174.64.169
97,Jess,Attwoull,jattwoull2o@wordpress.org,Male,13.124.82.101
98,Munroe,Kimblen,mkimblen2p@cnet.com,Genderfluid,234.1.185.98
99,Mala,Marrion,mmarrion2q@acquirethisname.com,Female,150.57.171.58
100,Jerrilyn,Sedgmond,jsedgmond2r@google.es,Female,238.160.235.181
